<?xml version="1.0" encoding="utf-8"?>
<odoo noupdate="1">
    <record id="payment_provider_myfatoorah" model="payment.provider">
        <field name="code">myfatoorah</field>
        <field name="name">MyFatoorah Payment Gateway</field>
        <field name="state">disabled</field>
        <field name="is_published">True</field>
        <field name="inline_form_view_id" ref="inline_form"/>
        <field name="allow_tokenization">False</field>
        <field name="allow_express_checkout">False</field>
        <field name="payment_method_ids"
               eval="[Command.set([
                         ref('myfatoorah_gateway.payment_method_myfatoorah'),
                     ])]"
        />
    </record>
</odoo>